votes,created_at,title,comments
80,Mon Apr 13 22:54:23 2015 UTC,Season 8 News and Leaks,13 comments
5,Fri Apr 13 00:01:19 2018 UTC,"Daily /r/Freefolk Free Talk Thread! - April 13, 2018",68 comments
5343,last edited 19 hours ago,One of my most favourite Game of Thrones scenes.,174 comments
10.5k,Fri Apr 13 14:37:00 2018 UTC,"The Blackfish parlaying with his son's captors, 303 AC",97 comments
2162,Fri Apr 13 17:00:33 2018 UTC,One order of Dragon Ass to go,33 comments
248,Fri Apr 13 09:46:39 2018 UTC,dIsNeY,9 comments
107,Fri Apr 13 10:38:11 2018 UTC,Ice/reforged Ice vs Ned's Life,16 comments
117,Fri Apr 13 19:41:19 2018 UTC,"Robb Stark, #1 wingman in Westeros",6 comments
123,Fri Apr 13 22:57:54 2018 UTC,Hype,5 comments
475,Fri Apr 13 20:58:10 2018 UTC,Melisandre meets with Daenerys at Dragonstone. Alternate version.,73 comments
74,Fri Apr 13 20:29:25 2018 UTC,The Starks heard about 'Jonsa' and 'Jarya',27 comments
213,Fri Apr 13 12:05:46 2018 UTC,"I have been watching you. All of you. All of your lives, with a thousand eyes and one.",9 comments
67,Fri Apr 13 21:53:40 2018 UTC,If Mel brings a shipment of old witches with her I won't complain.,23 comments
124,Fri Apr 13 15:43:04 2018 UTC,It's that time again :),5 comments
65,Fri Apr 13 19:56:53 2018 UTC,When you and your band of JONERYS shippers escape JONSA tumblr and find this subreddit,18 comments
329,Fri Apr 13 15:57:16 2018 UTC,"Shireen Baratheon, shortly after being cured of Greyscale on Dragonstone (295AC, colorized)",23 comments
35,Fri Apr 13 20:03:50 2018 UTC,"Whether your ship happens, babies get catapulted, or absolutely everybody is wrong. I hope you all can use my shield at some point on this sub.",7 comments
95,Fri Apr 13 09:56:30 2018 UTC,Northeast humidity got my hair like...,28 comments
â€¢,Fri Apr 13 22:51:49 2018 UTC,Motherfooker thinks he can make us kneel,1 comment
27.2k,Fri Apr 13 16:02:45 2018 UTC,My friend randomly met Sansa Stark in the bathroom at a club.,834 comments
98,Sat Apr 14 01:48:31 2018 UTC,The Dragonpit platform today,28 comments
212,Thu Apr 12 16:31:48 2018 UTC,People say prequelmeme crossovers are dead? WHAT IS DEAD MAY NEVER DIE!,14 comments
26,Fri Apr 13 15:50:45 2018 UTC,Drogon talks about his parents,comment
73,Fri Apr 13 10:44:29 2018 UTC,Happy International Kissing Day to all the single ladies out there.,8 comments
15,Fri Apr 13 22:12:09 2018 UTC,"High Priestess of the Red Temple of Volantis, the Flame of Truth, the Light of Wisdom, and First Servant of the Lord of Light: Kinvara.",14 comments
15,Fri Apr 13 16:32:54 2018 UTC,"The most relevant scene right now, strong foreshadowing in S3 about something in S8.",6 comments
31,Fri Apr 13 23:56:20 2018 UTC,-Chicken Run 2: All the chickens-,comment
